Report generated at 2020_02_23_11_48_15,,,,,,,,,,,,,,
Search Options,,,,,,,,,,,,,,
Search string,IsDLL,Packer,Antidbg,AntiVM,Signed,XOR,,,,,,,,
domain:cdn.discordapp.com,,,,,,,,,,,,,,
,,,,,,,,,,,,,,
Analysis permalink,Report Date,File,FileType,Size,MD5,SHA1,SHA256,VT Report,IsDLL,Packer,Antidbg,AntiVM,Signed,XOR
PRIVATE,2020-02-17 12:18:02,Payment_Advise_Summary_Report_Document.gz,"gzip compressed data, was &quot;New_Invoice_Payment_02_2020_Pdf.exe&quot;, last modified: Mon Feb 17 03:15:50 2020, from FAT filesystem (MS-DOS, OS/2, NT), original size 1976320",1522.22 KB (1558750 bytes),abe0d9a438d2e576d4b17a2525c2e08c,6e1a3253207da6e53a67c20b3a1fac42a82ce86a,b20b9d099134cbf721c3bb9e7bb3c5ac1e192f7557e6dbfa458bfd2beeeb36f6,23/60,,,,,,
PRIVATE,2020-02-14 19:04:07,Shipping_Documents.gz,"gzip compressed data, was &quot;Shipping Documents.exe&quot;, last modified: Fri Feb 14 05:14:26 2020, from FAT filesystem (MS-DOS, OS/2, NT), original size 1849344",1391.28 KB (1424669 bytes),39519457421c51e372ca7a62e87b2ed2,ad5c856d4b4cce2479b9d6791bb9f41d7f566314,c3d3854a2b67b6141f2354b4a2bf4bd9840fa5d7f0e750a7e3d5b57723de3043,30/60,,,,,,
PRIVATE,2020-02-13 16:36:01,Conferma_d_Ordine_3900345973_07012020_po_number_1081262.gz,"Zip archive data, at least v2.0 to extract",370.77 KB (379669 bytes),3bfff5dac62c77b4794abbfd2d2dc0ac,050c1fb7113c7c0e9e04afdb53d7b9ebd82403df,ff8526f1531ac8ddd98d4e67614c98def26b552825e22b946014eb7e1cde5f19,8/58,,,,,,
PRIVATE,2020-02-10 22:32:03,Consulta_20MAR035.gz,"gzip compressed data, was &quot;Consulta 20MAR035.exe&quot;, last modified: Sun Feb  9 22:49:26 2020, from FAT filesystem (MS-DOS, OS/2, NT), original size 65536",21.08 KB (21591 bytes),166d2b3b457587c26885cbda8d7503a4,313d85431517df795350dd0b7e865f47588a7857,6f1565d4d7464d93d0d49a8ec8ea0b751a3edcd22a580545f894265def9926b5,7/61,,,,,,
PRIVATE,2020-02-01 07:15:02,copperonu_new_order010282020_jpg.gz,"gzip compressed data, was &quot;copperonu_new_order#010282020_jpg.bat&quot;, last modified: Tue Jan 28 09:29:25 2020, max speed, from FAT filesystem (MS-DOS, OS/2, NT), original size 98304",38.75 KB (39677 bytes),239e1f208398d286578145155fe93415,ac5e23ce569213d880a49b9c4f4ff510355bd9bf,2c11081683cb30a191d3e54ae1ce8e46f297a23ad5d9dff68b37059c669e72ad,36/61,,,,,,
PRIVATE,2020-02-01 06:18:01,data_invoice.exe,"PE32 executable (GUI) Intel 80386, for MS Windows",1177.00 KB (1205248 bytes),278a78b142a0fdf3c49c37e103aceef2,5ca2faf0eba842f0955f67e3d21bfdd410db2c79,a62fe2c19d26ca8461fcd98993124b43a32629e25f801b78c680f209310632e3,41/71,,Yes,Yes,,,
PRIVATE,2020-02-01 06:17:02,Blackwood-DC.zip,"Zip archive data, at least v2.0 to extract",0.82 KB (844 bytes),8bdfc0e3fc9d94da251f3831699d8fe6,653727919cb6e83f7092805f60ddd6144358b63e,5e1b55c9ed8363d2523fb2e4b2ad51e4b88b8c1edaaf94132fd1e0a8eb45e8ee,22/60,,,,,,
PRIVATE,2020-01-28 17:27:02,IMG_200120.doc,"Rich Text Format data, unknown version",393.96 KB (403415 bytes),c0b657408fb0878bf3e60136505cb950,93f7b2780061dbb31d93701e59113d9d454b2787,21e4b927c0e28981b212bf3b1b88a6375e20117963818821e7dc9f538ba18cc2,25/57,,,,,,
PRIVATE,2020-01-28 17:26:02,JANUARY_ORDER.ace,"ACE archive data version 20, from Win/32, version 20 to extract, contains AV-String (unregistered), solid",21.29 KB (21805 bytes),fafa1b70c8db51393eff43cd2aef2add,1e1dd1b4c143d4b5fceda6b4731bdeffc029175f,8fb3a858e070ce92425ffc33dd7fc1fdab5ef22ef40ef5b7bf2232451912806a,17/59,,,,,,
PRIVATE,2020-01-28 17:25:02,DHL_M999355618_Tracking_number_8623155763.exe,"PE32 executable (GUI) Intel 80386 Mono/.Net assembly, for MS Windows",355.00 KB (363520 bytes),906badb4a72b6613f89a2146215b4b8b,09ec461e8a88089c82e31cd3fa446954aec9fe84,b4321532cca5fd708a0e79eecff1089ce99d052dfe0b4ec92f2413535c5b8d9d,14/72,,Yes,,,,
PRIVATE,2020-01-28 00:21:02,Order_Confirmation.img,ISO 9660 CD-ROM filesystem data 'ORDER_CONFIRMATION' (bootable),1792.00 KB (1835008 bytes),34cb3624d20147ecb0d567cba824228e,2a98a8d4d047e6ff7bde239b5ec3d78c14e118bf,f248d49f5ea5a5797dbfc230825cf1db6e5329697c5238782c5d068770bb4bf3,13/53,,,,,,
PRIVATE,2020-01-19 01:12:03,loader.exe,"PE32 executable (console) Intel 80386, for MS Windows",6583.00 KB (6740992 bytes),d7a45fb0e4a61eaa9b8e82df2306b4c0,eb2a8085f67da6a11a0879eb626e4effee66e20c,68cdb37a71b87ad84d52b7760e9c645769e06b0691494d85ee00fc02c8dd99d0,36/71,,Yes,Yes,Yes,,
PRIVATE,2020-01-17 22:32:02,Bank_Details.img,UDF filesystem data (version 1.5) 'BANK_DETAILS',1856.00 KB (1900544 bytes),7aaa4afa89f3018d00a6529d5358edc1,29f6bc08eadaeebd887b13b4255f22d565012304,48ccfa1478ab996f0cbf538cf03dd3bbdf48aadf9007eff0ebe8d9672a030918,25/60,,,,,,
PRIVATE,2020-01-16 02:06:02,399547_RS4859_POSBLK6ES79720BA520.7z,"7-zip archive data, version 0.4",1171.03 KB (1199137 bytes),83561b4529e11c6c808ab30639242af5,78ac5c3ed229c882dc142a519d466a43e335f430,e413bd85680e9e1449278b76faafc8bb60684977a00c26e715c0b6e251cb38fe,19/61,,,,,,
PRIVATE,2020-01-13 13:34:02,Damn.exe,"PE32 executable (GUI) Intel 80386 Mono/.Net assembly, for MS Windows",10.00 KB (10240 bytes),5a43935e38f27ba06df9d4a061cd9647,da202ec830645246e14e66f7300e0d0cb4660bac,c439dc6463d1c31bc01672e647416e61694b30466181a38824c34a361c198caa,33/71,,Yes,,,,
PRIVATE,2020-01-12 07:32:01,client.exe,"PE32 executable (GUI) Intel 80386, for MS Windows",2121.00 KB (2171904 bytes),1b185bc65de9f04d489a10fb977d4817,38dee0997fb2a576ea3e3d900478ce6fdbacc3ef,8e060697b0c7d981da64fbd5dcf7a9206ae9b8a2cd306629b035f58bf20111bc,46/68,,,Yes,Yes,,
PRIVATE,2020-01-12 07:31:02,RFQOM1909-13.gz,"gzip compressed data, was &quot;RFQOM1909-13.exe&quot;, last modified: Sun Sep 15 23:30:34 2019, from FAT filesystem (MS-DOS, OS/2, NT), original size 291157",265.71 KB (272092 bytes),86153d7a61499e9528358351e0941fdf,67cdc60b73027edf4be3f769cdc75ec04d5399b5,55abaf9b38b1cf09decdbc8ba8235bc8529410465da6f61e7861919b25da9e14,38/59,,,,,,
PRIVATE,2019-12-19 18:16:02,Windows-KB2670838.msu.exe,"PE32 executable (GUI) Intel 80386 Mono/.Net assembly, for MS Windows",728.00 KB (745472 bytes),6e49c75f701aa059fa6ed5859650b910,ccb7898c509c3a1de96d2010d638f6a719f6f400,f91f02fd27ada64f36f6df59a611fef106ff7734833dea825d0612e73bdfb621,38/70,,Yes,,,,
PRIVATE,2019-12-13 20:23:06,doc9836520925.img,UDF filesystem data (version 1.5) 'DOC9836520925',1216.00 KB (1245184 bytes),3e3bf305e9d32f25bea313b74a610d95,4084f598fef8f20dbbf75d9defa240ff2cea6f47,5d70851be69120c077a0d38c985c538b1d8791ae46ca430d029a371cd8717731,16/59,,,,,,
PRIVATE,2019-12-12 19:42:02,Client.exe,"PE32 executable (GUI) Intel 80386 Mono/.Net assembly, for MS Windows",31.50 KB (32256 bytes),4566d6c7b79fc5b07c1c010ddfc6c278,bc71e7f62ae6a859938cf81dd0c234dafedb5be1,1621f495435c66815b792ff98aeba11c2ad765dca47d9d15c23222f7def9c7f2,59/69,,Yes,,,,
PRIVATE,2019-12-11 20:24:02,PURCHASE_ORDER_AB-20191054.gz,"gzip compressed data, was &quot;PURCHASE ORDER AB-20191054.exe&quot;, last modified: Wed Dec 11 06:04:00 2019, from FAT filesystem (MS-DOS, OS/2, NT), original size 602112",197.52 KB (202262 bytes),09284cb2ba5ab551dfbaf4169349fdc5,4eabaf136ac807cff99dcc30afd2c8dc2ad9eaf1,886db8107b07eb890299b0221cc1aebe9e010b5041f7fcd1074ed5b61bd22845,9/59,,,,,,
PRIVATE,2019-12-11 01:24:03,9836520925-Quotation.img,UDF filesystem data (version 1.5) '9836520925_QUOTATION',1280.00 KB (1310720 bytes),8aa57aac43b0f53861b6f22c3da7550a,ea24a8358f9415db7e8cb4afd1865a11e3906040,aeb35dcad581a2e45b080b81858ee26290fcce5a6f42567a998c6ef692aabb43,18/59,,,,,,
PRIVATE,2019-12-09 14:38:16,rms.exe,"PE32 executable (GUI) Intel 80386, for MS Windows, RAR self-extracting archive",4592.12 KB (4702335 bytes),f63b5d70dfabe59094ac7ad23fee1a8c,da2d7d9709c2644486b66fa9a539a2314bb3012e,62aafa4c1c7f952ee096b77c327af4455eec7fc46673166b872adcefe9af83d0,59/72,,Yes,Yes,,,
PRIVATE,2019-12-06 23:20:01,NUOVO_ORDINE_DI_ACQUISTO-28126.exe,"PE32 executable (GUI) Intel 80386 Mono/.Net assembly, for MS Windows",302.00 KB (309248 bytes),bafbd44f866772a120dc95281382833e,6b453212dd21025157e8c145de6860adbc9c4b9b,0f3b71816537828a20e34768b79f9b2ce9e74591e8a00c60586b794bfeface45,48/70,,Yes,,,,
PRIVATE,2019-12-04 01:05:02,15.exe,"PE32 executable (GUI) Intel 80386, for MS Windows, UPX compressed",251.50 KB (257536 bytes),24b1352f5a83c1a4312d9f5107ab4c49,e7748fbc5d762ca129f1c5d5a63d12ef0bbe479f,9a8d9acaad5491f3bace47f75de44fcec18d966d9224c0c33b092de9f5ac5180,67/71,,Yes,,,,
PRIVATE,2019-12-04 01:04:02,pdf_Approved_Estimation_Pages_for_EQ16070066.tar.gz,"gzip compressed data, was &quot;pdf_Approved Estimation Pages for EQ16070066.tar&quot;, last modified: Mon Nov 11 08:19:52 2019, from FAT filesystem (MS-DOS, OS/2, NT), original size 1587200",843.37 KB (863609 bytes),4123ee4e0a5e0291438d0266741d42ef,7ccd8689eef723411412eaf67a201e2f8ec3a479,837de4c45b3ed1fd7ad159b4281ea58c84ae205891ddaff81fbd7bdd595b38a0,14/58,,,,,,
PRIVATE,2019-12-04 01:03:02,Discord_nitro_hack_Coded_by_Realine.exe,"PE32 executable (GUI) Intel 80386 Mono/.Net assembly, for MS Windows",1128.50 KB (1155584 bytes),b671d803a31dad12bf7bf4e3c73fe69a,b2603a9ffebf9eba9a577864839e106d502d96c4,03d7a96e4f31e0f25eed9bd7e56edcd27ffbdb83050ba27eeed40c285ff7d39f,47/69,,Yes,,,,
PRIVATE,2019-12-02 17:42:06,DHL_Document-AWB750983218402.img,UDF filesystem data (version 1.5) 'DHL_DOCUMENT_AWB750983218402',1728.00 KB (1769472 bytes),014ad0c3f2da795fc0a632bcf00b9c65,95c539eca3b700aca452d8a1d8910fa69615652c,c829e3833d2307a1712a09b2ff5a33e50658ae0783e4ffb6810448bc27e3eeef,12/57,,,,,,
PRIVATE,2019-11-26 21:15:03,hworm.vbs,"HTML document, ASCII text",4.01 KB (4108 bytes),6228ad717cefd46265d5d3614c20727d,aec5b12074b2c2542f63ef0ba2947432d6c9e961,3ca53db10871684904a2987bf88b8b2ce732f2f604754494240049b4c229bd3b,N/A,,,,,,
PRIVATE,2019-11-25 16:27:02,QUOTE_GM-QU-20442-18.xlsx,Microsoft Excel 2007+,2966.05 KB (3037234 bytes),7721ca680bf6fef9be4bea23bcb63a4b,0d023ece5ac36f5a31f08378605932db6d7714b4,1abcceffbc9291754a90fb336617e63a5bf109704598b7ef933159d9ad870e9d,26/59,,,,,,
PRIVATE,2019-11-24 20:21:01,qwe.exe,"PE32 executable (GUI) Intel 80386, for MS Windows",756.00 KB (774144 bytes),ea9bd7fac5e1a7903abc75b4a12ff218,6b1e2ec755c77489e04b92e1be37540aa76e7c7c,851adabc7f662c66216e1a8cd7c591086336499cd6b429602855e3d7bd039ad3,65/68,,,Yes,,,
PRIVATE,2019-11-24 08:51:02,R6.exe,"PE32 executable (GUI) Intel 80386, for MS Windows",2960.00 KB (3031040 bytes),b5e216b15fd1cf7c9350c893a88d898b,ce32a3a01d1928619a30e177c3da4988938b755b,82c9bd70bffab54c5eea3133ebbab5c0de6783cffacb6ac17039890232d01438,21/66,,,,,,
PRIVATE,2019-11-21 14:53:01,server12.exe,"PE32 executable (GUI) Intel 80386 Mono/.Net assembly, for MS Windows",141.97 KB (145381 bytes),b4f5dd71769196c918920915d0bed08e,ead1536e111ef7b9b2d56beb79978044973de0cd,9967e850c168d73df6fe76cfe6a8a60923d5917aba4cc42022868dac449f96e5,53/68,,,,,,
PRIVATE,2019-11-19 22:52:05,injector.exe,"PE32 executable (GUI) Intel 80386, for MS Windows, Nullsoft Installer self-extracting archive",1020.51 KB (1044998 bytes),aab0643f9ede39e1211c5406869f8fff,50b03a0394ac1316541e67a33b1c739af4d4f099,92be7c5b318d8f562946a22bf39f6e89454f7e310bea26267e13de1ad939f002,55/68,,,Yes,,,
PRIVATE,2019-11-19 17:14:05,hyu.exe,"PE32 executable (GUI) Intel 80386 Mono/.Net assembly, for MS Windows",31.50 KB (32256 bytes),9a12d686d81d73b90fb7f302f2e77518,e8424f7826e1aee5e82c6c3e3fcd4a0c2efdac35,a0b7a3a16043a997d13be78e997ca2fcccb948fcbf547543b9e4d076ea6fb489,55/68,,Yes,,,,
PRIVATE,2019-11-19 12:59:03,Quotation_for_RFQ_560001626_VS.gz,"gzip compressed data, was &quot;Quotation for RFQ 560001626 VS.js&quot;, last modified: Sun Nov 17 20:30:40 2019, from FAT filesystem (MS-DOS, OS/2, NT), original size 505315",219.16 KB (224422 bytes),fde5c02b228c721fef60e9706dae1c22,2745478820d1d5a359655122f2c8257abbfa6675,de5b3db76ba9af1b87f6687289454a90f4b1d7aac6f375f75703f9dee81a69d0,5/57,,,,,,
PRIVATE,2019-11-19 09:31:03,dddd.exe,"PE32 executable (GUI) Intel 80386, for MS Windows",5039.00 KB (5159936 bytes),1be0cab9e53bcae2d39479dbe65bbf0a,107962542363d6ff4d03fce4df76fa86024e198a,528d3b96ddf7cddac5fb9b20eee17a5dfc295b5c93db61c1460d60cb7119915f,55/70,,Yes,Yes,,,
PRIVATE,2019-11-18 22:41:02,TRACKING_NUMBER_9867645.jar,Java archive data (JAR),642.09 KB (657499 bytes),e113644eeced9801052a380b3953d6c6,c3fa74115a734687429bed65f6f5d58d537fe2a6,24004f0899beff60a33a3ba614cec993f9813cc6123164fabb5c763fbc551658,19/60,,,,,,
PRIVATE,2019-11-18 13:31:02,RFQ.gz,"gzip compressed data, was &quot;RFQ.js&quot;, last modified: Mon Nov 18 03:45:12 2019, from FAT filesystem (MS-DOS, OS/2, NT), original size 787179",474.75 KB (486143 bytes),6d8a5d38dce2b7879b38646bb833fab2,b909f7207ec4b3a1d12bb32e1e40db64eb4924c3,492afe3462fe11dea0732a56c8a84352d774a7f7fbc5bbd796b5cc10f0d41f64,2/58,,,,,,
PRIVATE,2019-11-17 13:11:01,bbuild1.exe,"PE32 executable (GUI) Intel 80386, for MS Windows, Nullsoft Installer self-extracting archive",482.41 KB (493985 bytes),547d04dd7d867c36d7632a473e350c2b,3e4dce95e15a203fe35151148775f158a0c443d4,0070feedb9b455ca7bae38f25f23a0c2cd360aa58c9cacf79022151ad24aa907,33/70,,,Yes,,,
PRIVATE,2019-11-17 11:31:02,buildlk4.exe,"PE32 executable (GUI) Intel 80386, for MS Windows, Nullsoft Installer self-extracting archive",331.30 KB (339252 bytes),21974b02b913677aab766c88cfe56425,1a05a21a8eab50a074426856ab25be9318c66c74,d3cd71ff33db9cd3b0e606db721f0c1d9368ab4380b38c35029d9a324126eb1c,14/71,,,Yes,,,
PRIVATE,2019-11-15 18:17:04,qq.com,"PE32 executable (GUI) Intel 80386, for MS Windows, UPX compressed",252.00 KB (258048 bytes),8f5cd6e4f4ae1b36ef92ba6024712782,62b0a4a459cb6dea1f900c759c4068963b5df49b,02d2b6ca00a8097053bfa7f3b7fe8693da9c7a0ed1e8241cd718b25d705e2f93,65/69,,Yes,,,,
PRIVATE,2019-11-14 17:41:11,FREEQN.exe,"PE32 executable (GUI) Intel 80386, for MS Windows",436.00 KB (446464 bytes),db9876f21f04ff146567b78e8eae22bf,862617c84ece9f226550c30f909b13366cf1660b,419a436a77f7be5441dacfa22b81759a2d0bd251de6fe87336f87ec4606e2992,58/71,,Yes,Yes,,,
PRIVATE,2019-11-14 16:51:06,sales_contract56432897611_____pdf.gz,"RAR archive data, v4, os: Win32",230.14 KB (235665 bytes),2d21b7bf0fecbddd6662f33d9fba03e6,0b552023764185a865eb73ed8fb79ca7743e6443,e74eb222e5207311ed5688f452495b2b8060565a7e586242c2689d1bbdbe6fa1,10/57,,,,,,
PRIVATE,2019-11-12 19:53:05,24.exe,"PE32 executable (GUI) Intel 80386, for MS Windows",377.50 KB (386560 bytes),eba204231c2736f72e42443c4db1bf26,e71c9f30f0f674011578a518ea5927262e3eb30e,01484516010f4301d92f24e11d18d0696abfd448ba41eef9f92ae90334c4b48b,62/70,,Yes,,,,
PRIVATE,2019-11-12 15:48:02,Assign_Documents.img,UDF filesystem data (version 1.5) 'ASSIGN_DOCUMENTS',1792.00 KB (1835008 bytes),900c8201568a03da955ca972f74ca4ae,3efea288af7b494ef40cababb746b3cbfaf0053a,3a4565ed119c28e8be44480191d77295fd19a59953e3c53645efad193ac75b13,18/59,,,,,,
PRIVATE,2019-11-11 07:16:02,Noragami_Sz.exe,"PE32 executable (GUI) Intel 80386, for MS Windows",2230.50 KB (2284032 bytes),9fa11b33d91c575418843ab7072e3a6c,93e22a22035b88170df554c00336366a49943136,ebb11fb1808d225d0234d09dc99f47e5a582a2f0d6090de30bd9e09f1b447c23,52/68,,Yes,Yes,,,
PRIVATE,2019-11-10 09:46:02,fhrtsjgtrjf.exe,"PE32 executable (GUI) Intel 80386, for MS Windows, UPX compressed",252.00 KB (258048 bytes),381fc89c055b7e1d36c8ac9fd7a7a043,524455ed231dfb91e8e5f0aff8b865950f377410,d1002673354bb869e8cd6c7c4d9e66a5b720de30c3040e97ae4632d8e107c8d1,69/71,,Yes,,,,
PRIVATE,2019-11-09 08:32:03,GOLOSOVANIE.exe,"PE32 executable (GUI) Intel 80386, for MS Windows, UPX compressed",252.00 KB (258048 bytes),1540583665dee3ee09d08e513943feae,09affc2c491e9845afe3c5b708c47975ec23c2d0,d4fcd8dd2e825e7441e914d9500b5f3fc2cfe51bfaf77d87b27661732f746db2,64/69,,Yes,,,,
PRIVATE,2019-11-07 19:17:01,SOF3400901-E01-DV294633_du_27052019_SASRI-034324486.pdf.7z,"7-zip archive data, version 0.4",419.19 KB (429247 bytes),1da04c18e1491920a5daf0426b35e842,98f89af41936b765c469ade01b4b3ce7925d5027,69e02a8ecb3d8b4ff68e2a2e3e8caa437a5b93394544d11fd9461542509563d4,14/55,,,,,,
PRIVATE,2019-11-07 19:16:02,PO-39653_Order_Confirmation_19-11-16.iso,UDF filesystem data (version 1.5) 'PO_39653_ORDER_CONFIRMATION_19_1',1728.00 KB (1769472 bytes),91614e475800733a6d8a5bb3ea098aa0,33744b130e941c4069437f8d66babb3401270315,2e4920d3a7943c3495efc08a5c76b14fc73ae718261ab2281f18cdbaaeb9c734,16/58,,,,,,
PRIVATE,2019-10-31 19:30:02,doc-2019-10-31.img,UDF filesystem data (version 1.5) 'DOC_2019_10_31',1280.00 KB (1310720 bytes),0ddb17e5b62aa0d97f41a08b4893ea16,7bdba30f55656182e186b819eb447e55eef53710,caaa5e1c3287cf4c27fa2a9905f140eb80b08abf5435626dcf4c2c9aabc7464e,13/58,,,,,,
PRIVATE,2019-10-31 16:11:02,XLS.OA10DA-44AE-8CD2-AFD48FA98305_XLS.ace,"ACE archive data version 20, from Win/32, version 20 to extract, contains AV-String (unregistered), solid",759.08 KB (777302 bytes),55b1aeed7235b244eb98881453405e11,def23df1962d24be409f9f84bc350bc20475a5ec,007a8a052a7b51210702054cd5fe13e4f26855fd219c235f1b8f8f34f0a2084f,9/58,,,,,,
PRIVATE,2019-10-31 16:03:01,XLS.OA10DA-44AE-8CD2-AFD48FA98305_XLS.gz,"gzip compressed data, was &quot;XLS.OA#10DA-44AE-8CD2-AFD48FA98305 XLS.exe&quot;, last modified: Thu Oct 31 07:22:24 2019, from FAT filesystem (MS-DOS, OS/2, NT), original size 1563136",832.99 KB (852980 bytes),ae8950c656ec7a263ece238a876b2841,01334278b7311ebce59fea7b0f01fb7e48c20505,be185bdbef4539227a8afd06c7b629a9a99f721b1135c36d4e1e9b808877ba4e,12/60,,,,,,
PRIVATE,2019-10-30 20:21:02,DarkCloud.xyz.exe,"PE32 executable (GUI) Intel 80386 Mono/.Net assembly, for MS Windows",114.00 KB (116736 bytes),4fc3269596c61c9f5a63994d322031d0,05594c4d7bd5b330350c991952c72fc45d9f3a32,0f706471daec26cb3f50a566348ecfc2069eada66497256f19c2db4c7dfc2b77,39/68,,Yes,,,,
PRIVATE,2019-10-30 13:32:02,HaxOfHITBOXreachEndFly1ss1ByEnder.exe,"PE32 executable (GUI) Intel 80386, for MS Windows",690.00 KB (706560 bytes),a6fc15a4d07a4499215d9b1b26e10410,cbd72b00f5437ac93a076c945a2c5196aff28e49,7845e3ad0296d12893b2735d4030376213e1b68f335c679c5e150f6a021618e0,67/70,,,Yes,,,
PRIVATE,2019-10-29 20:01:02,BBVA_EURO_68.00000_Operaciones_cuentas_.gz,"gzip compressed data, was &quot;BBVA [EURO 68.000,00] Operaciones cuentas .exe&quot;, last modified: Tue Oct 29 12:36:56 2019, from FAT filesystem (MS-DOS, OS/2, NT), original size 1099776",622.91 KB (637857 bytes),63128340731f432878d0b19d8e46390f,da9f45b8e9f36497d134c6fc391cee958061e8ff,4b0918886f4d5cbebd3b0dcfbc5f9857f0c079fd768b47641988d02f4a7efa4d,10/58,,,,,,
PRIVATE,2019-10-29 08:25:02,Chip_Manager.exe,"PE32 executable (GUI) Intel 80386, for MS Windows, UPX compressed",266.50 KB (272896 bytes),db756979d31516131f563251d8c24f7e,1a428aafe19b4aa646748651b8e68bb818532a2a,89f54d569487466bc6107cc627be0c2e156ea5fad2d58e8bc9575c2b650a79a1,68/70,,Yes,,,,
PRIVATE,2019-10-28 17:33:06,AWB-7739-993882-0009-439-110919-6822-HTED.pdf.gz,"gzip compressed data, was &quot;AWB-7739-993882-0009-439-110919-6822-HTED.pdf.exe&quot;, last modified: Mon Oct 28 09:50:34 2019, from FAT filesystem (MS-DOS, OS/2, NT), original size 784384",591.82 KB (606025 bytes),3e93a1a4de036b431346ed7052fddeab,aff7ddc8fb464f463cc16f841a10b9a4f8c0cfc0,3897accfee3358861d41eae0ec030a640c0eefaa77f8ca95a49b596186443622,8/57,,,,,,
PRIVATE,2019-10-28 17:32:03,idinaxyi.exe,"PE32 executable (GUI) Intel 80386 Mono/.Net assembly, for MS Windows",23.50 KB (24064 bytes),8223e49a4d722dde4c97d3657a20e77e,f1ffa36ccde829f67fa5a9aec8ce321dfdfa901e,dafc75a4831a2ec0b2ee3353433c73c16332e0f744e47a0bc0167a877a937c64,59/69,,Yes,,,,
PRIVATE,2019-10-28 17:31:04,8876cd42ae7b8660.exe,"PE32 executable (GUI) Intel 80386 Mono/.Net assembly, for MS Windows",97.50 KB (99840 bytes),10454995944dbf6c004d9a1864ad06a8,0848d5b1909b3a9543ef6cd50e8894e83c87cc6a,d4b543007ffd20f6a4c9166bd0133449329ddca4c9ee9fd483fcc87d9867bd83,56/69,,Yes,,,,
PRIVATE,2019-10-28 17:30:02,1245.exe,"PE32 executable (GUI) Intel 80386, for MS Windows",307.02 KB (314388 bytes),186f47b8f05f3e8d4b7685c97748a40e,c502580f47a66ac386e0cd3ca8cbd45b4597597a,c8024d41dba9f804004f1a1ccbee9450cf185ea500794cf08b8ce368432804e2,53/68,,Yes,,,,
PRIVATE,2019-10-28 17:29:04,updatewin3.exe,"PE32 executable (console) Intel 80386 Mono/.Net assembly, for MS Windows",186.00 KB (190464 bytes),1d1a5be1aa6596a3816a2fc7ce6a994b,e246334f6b1a6943a6d43f71f13cedda8420a0aa,037329688ab462b656e53a444695be6fbed553cbf2502228176daa1de452c4e9,43/69,,Yes,,,,Yes
PRIVATE,2019-10-28 17:28:05,pornhub-1.apk,"Zip archive data, at least v2.0 to extract",1015.00 KB (1039360 bytes),433dac8d8dbe70c1ae8e2ab75006cb4d,b775da48e26f437267c796bc42bdf3e83d8f5e05,909d4df127a994ed5b33d625ad8745911815930426ba8771e9f3e332bf34156e,17/59,,,,,,
PRIVATE,2019-10-28 17:27:04,Bank_details.pdf__________.cab,"Microsoft Cabinet archive data, Windows 2000/XP setup, 769789 bytes, 1 file, at 0x2c +A &quot;Bank details.pdf__________.exe&quot;, number 1, 48 datablocks, 0x1503 compression",751.75 KB (769789 bytes),ba3e08a2d5433a0f6f3780bfc87acfd9,e3554c1c27e0ca237070420af24eadee8b0ee6ff,270df8084e983130ada536f0e9b28f8f7646c07075c90b26b37dad50c69ec3f7,10/58,,,,,,
PRIVATE,2019-10-28 17:26:05,rms32.exe,"PE32 executable (GUI) Intel 80386, for MS Windows, RAR self-extracting archive",4918.73 KB (5036778 bytes),c71246aba99d365df478349a031465bf,86940f08c793fda45b53aa2f9b7d3acb0361650e,1c8d9e1395def2aab909abfe77a8f57acf0aeeb1bedc76816cb02085ba873813,47/66,,Yes,Yes,,,
PRIVATE,2019-10-28 17:25:03,Roblox.Money.exe,"PE32 executable (GUI) Intel 80386 Mono/.Net assembly, for MS Windows",905.00 KB (926720 bytes),b56873525cf6bd68194690485eebc9ab,34612d1e08bfc9fbe85e4946b769285d343b8f8e,a6bf144b5a85b87a536218a1d607e4412a132d0a76a71160fe360f2dc72b34f7,59/70,,Yes,,,,
PRIVATE,2019-10-28 17:24:06,3_.exe,"PE32 executable (GUI) Intel 80386, for MS Windows",6372.00 KB (6524928 bytes),14888a0140f5118ebfe2932311ff8bb5,5aaf14290fc6307d35723ccda4ed5b96fe25cb39,4962dabf94d6ef7895b0bf50622e2189e4caba07feeacc3e459503a507fc2992,54/70,,Yes,Yes,,,
PRIVATE,2019-10-28 17:23:05,Doc-2019-25-10-pdf.img,UDF filesystem data (version 1.5) 'DESKTOP',2112.00 KB (2162688 bytes),3cd9c4f52fbd91176595ff07403377f0,b3d0ed32e66bb0f34ab8b034ee428f557309595b,1d2fd8037b190f6339f3639f913d02c0f0d256936e68828855a439ef446bcac1,25/58,,,,,,
PRIVATE,2019-10-28 17:22:02,file_1234.doc,"Rich Text Format data, version 1, unknown character set",282.65 KB (289435 bytes),329ab03ae593f842973541bf056d9846,67bc92a41ef3647cc4cf381b33d7cdf169a3b339,8f79607f83f7f6851681bec5e943a163ff155501f97331fd548d9ce8215598d7,23/56,,,,,,
PRIVATE,2019-10-28 17:21:01,Get_Pack.exe,"PE32 executable (GUI) Intel 80386, for MS Windows",502.00 KB (514048 bytes),b1bef9e973ab06a8d8179458c634397d,c568ec73d91b643d6c7c1d2c7b8321cb006afa82,91a2de42b9350636ee24c692aac2896bc66a0cf0b77ed533e4d654e88b889fdc,59/68,,Yes,Yes,,,
PRIVATE,2019-10-27 10:03:03,12312312312.exe,"PE32 executable (GUI) Intel 80386 Mono/.Net assembly, for MS Windows",183.00 KB (187392 bytes),958645a22b32c4238e387bf8c80141bf,d9d80fb10058c0ea9bf2771e8a7362a508719579,bd6a49a9d730ba466d53fefa86216cb87c4aa1776e8fc7a8d2cb5e3ad94cca10,55/68,,Yes,,,,
PRIVATE,2019-10-26 12:46:01,f.exe,"PE32 executable (GUI) Intel 80386 Mono/.Net assembly, for MS Windows",54.00 KB (55296 bytes),72f072fb8e3f1ca57f3b2bc864557131,02ea77bc8f8ed635d7bd5361b6a4c65da155504d,2b704423e0de3f42a88b4a83d821284884c23519d584383ad8cb98cf226ff672,38/69,,Yes,,,,
PRIVATE,2019-10-26 12:44:01,Swift_MT103_-USD_550000_Settlement.xls,"Composite Document File V2 Document, Little Endian, Os: Windows, Version 6.2, Code page: 1252, Name of Creating Application: Microsoft Excel, Create Time/Date: Sat Sep 16 01:00:00 2006, Last Saved Time/Date: Sat Oct 19 22:15:14 2019, Security: 0",162.50 KB (166400 bytes),f0b44be9d0f4c4bd3539772c5d255a62,af559f3e603d6bcb54e4d00c4580d45330644bc6,0883082fdeae93734c4838cb0f740a7121d8d6fdc28b4a21dc088feac46ec7a4,31/57,,,,,,
PRIVATE,2019-10-26 10:12:02,dllinjector.exe,"PE32 executable (GUI) Intel 80386, for MS Windows",312.00 KB (319488 bytes),7f9a4835a7a237d2873901bb73d00e7b,c31f7706c53b1c3813c1028ac5d689e849e4fdbe,d21d4ad73b848488890bf7f846daff7455062801d0d86238d99591219878f36a,28/71,,Yes,Yes,Yes,,
PRIVATE,2019-10-23 11:54:02,PDF.PO31001123453735464_PDF.gz,"gzip compressed data, was &quot;PDF.PO#31001123453735464 PDF.exe&quot;, last modified: Tue Oct 22 07:03:40 2019, from FAT filesystem (MS-DOS, OS/2, NT), original size 1137152",800.90 KB (820120 bytes),2f414cd4d91fc9b6b53dcde45974264d,a59a7d5da78940934220245a6ee7b8340bbe9115,6a61233ef0f614636d810cd8031e95b73f64f441c88e404518c35f4c57841f2e,20/59,,,,,,
PRIVATE,2019-10-03 20:51:01,Resanance.exe,"PE32 executable (GUI) Intel 80386, for MS Windows",2174.00 KB (2226176 bytes),c17ea8b47bf5699cb50befe4fd287725,1b256a9eb910a6937f30a2dac6b0c29405aa7b31,612559474942794ddbb26ac2f9611e349bebaaac3bacb375aa7eafee86cc8bb5,18/67,,Yes,,Yes,,Yes
PRIVATE,2019-10-02 20:14:02,Akelas_Gen.exe,"PE32 executable (GUI) Intel 80386 Mono/.Net assembly, for MS Windows",151.47 KB (155104 bytes),75602c2990a65a38484bfa45c622edf5,0485967a9c7db1facf7fdf6427851bdc7736ac99,ea1dd50059447e41c5838c4e02708a781e66c0ccdf0a4f49e4b0e49792dd0575,46/70,,,,,Yes,
PRIVATE,2019-09-27 09:18:19,SkypeHost.jpg,"PE32 executable (GUI) Intel 80386, for MS Windows",1075.50 KB (1101312 bytes),9fff4c02274c0162880844f27ff91407,1cc3d9c13f61d4b285cd9f234c5d6c0e0b06784a,b80fa39729da628febb95ed7fd4b14e06bf20e046a537ab92d0b0ba771d84274,45/71,,Yes,Yes,Yes,,
PRIVATE,2019-09-26 22:01:17,We_have_a_new_delivery_for_you.exe,"PE32 executable (GUI) Intel 80386 Mono/.Net assembly, for MS Windows",384.50 KB (393728 bytes),dd7bdff48701af37f8e219e045c26598,676c32445f914de2143698471e5e1b6f7730912f,999cea3668cbd33e062ba12c545e2911dac560436c41315302e6edbd38ddba7b,49/71,,,,,,
PRIVATE,2019-09-20 08:23:02,TNT_Collection_Request_BH7_178845.zip,"Zip archive data, at least v2.0 to extract",93.06 KB (95292 bytes),62d4932bba98708223cb31987df59390,f0e54c1998fbb34f9bbd9971de80d17ca57e6fd6,a34435d2621a56f97738527f1e86c49e50c558f593b8192dc032e2ed0d887c6f,13/59,,,,,,
PRIVATE,2019-09-20 08:22:03,TNT_COLLECTION.zip,"Zip archive data, at least v2.0 to extract",93.17 KB (95407 bytes),40fba7c614ef5f248a06a3bcf35ffc86,f51c1b1260c526ae5d2336da5376e976d2c1d296,9a4e79a8f390db69694c390789973851e05c92c9a759780a1f163529bb3cdc12,3/60,,,,,,
